web-scraper-order,web-scraper-start-url,link_toko,link_toko-href,nama_toko,Jml_produk,chat,follower,rating_toko,bergabung,promo,alamat_toko,link_produk,link_produk-href,nama_produk,promo_produk,terjual,gratis_ongkir,favorit
"1668866427-1","https://shopee.co.id/mall/brands/11042849","69Slam","https://shopee.co.id/69slam","","439","45% (hitungan jam)","7,4RB","4.8 (1,7RB penilaian)","24 bulan lalu","null","KAB. BADUNG","30%off69slam Sandal pria ARSIKI-ATMurah LebayRp285.000Rp200.000108 TerjualKAB. BADUNG","https://shopee.co.id/69slam-Sandal-pria-ARSIKI-AT-i.340815435.12428025981?sp_atk=a6c4aaf7-4270-4cae-a744-d438df9c1306&xptdk=a6c4aaf7-4270-4cae-a744-d438df9c1306","null","null","null","null","null"
"1668866478-2","https://shopee.co.id/mall/brands/11042849","4CM","https://shopee.co.id/4cmstore","","508","39% (hitungan jam)","60,8RB","4.7 (28,5RB penilaian)","5 tahun lalu","null","KOTA DEPOK","30%off4CM Boxer black fireMurah LebayRp99.000Rp69.30010RB+ TerjualKOTA DEPOK","https://shopee.co.id/4CM-Boxer-black-fire-i.32984432.7155464356?sp_atk=59b7b599-0359-4bb8-b2e5-ec5d4d6295fe&xptdk=59b7b599-0359-4bb8-b2e5-ec5d4d6295fe","null","null","null","null","null"
"1668866517-3","https://shopee.co.id/mall/brands/11042849","4.20","https://shopee.co.id/4.20official","","121","81% (hitungan jam)","50,8RB","4.9 (7,2RB penilaian)","4 tahun lalu","null","KOTA BANDUNG","40%off4.20 T-Shirt Philosophy Mandala NavyPilih 2, bayar Rp170.000Rp102.000 - Rp170.000322 TerjualKOTA BANDUNG","https://shopee.co.id/4.20-T-Shirt-Philosophy-Mandala-Navy-i.87828273.10739275158?sp_atk=cbf82100-d657-4871-8262-b21f3d274d72&xptdk=cbf82100-d657-4871-8262-b21f3d274d72","null","null","null","null","null"
"1668866597-4","https://shopee.co.id/mall/brands/11042849","3Second","https://shopee.co.id/3secondshop","","9,2RB","86% (hitungan jam)","451,2RB","4.9 (115,8RB penilaian)","6 tahun lalu","null","KOTA BANDUNG","40%off3Second Men Jacket 021021Diskon Rp15RBRp449.500Rp269.70049 TerjualKOTA BANDUNG","https://shopee.co.id/3Second-Men-Jacket-021021-i.18358818.11761195939?sp_atk=d3021c7d-9314-486a-adeb-b48d45e1b6d1&xptdk=d3021c7d-9314-486a-adeb-b48d45e1b6d1","null","null","null","null","null"
"1668866625-5","https://shopee.co.id/mall/brands/11042849","308ABSLTUNSCRD","https://shopee.co.id/308absltunscrd","","3,2RB","88% (hitungan jam)","64,5RB","4.8 (21,4RB penilaian)","4 tahun lalu","null","KAB. SLEMAN","10%off308 ABSLTUNSCRD - Bracelete Rubber Au Small Circle - BlackRp20.000Rp18.000216 TerjualKAB. SLEMAN","https://shopee.co.id/308-ABSLTUNSCRD-Bracelete-Rubber-Au-Small-Circle-Black-i.93881215.3918271445?sp_atk=390e1128-6d14-47aa-8d47-4c0fa5c07bab&xptdk=390e1128-6d14-47aa-8d47-4c0fa5c07bab","null","null","null","null","null"
"1668866652-6","https://shopee.co.id/mall/brands/11042849","3'NThree","https://shopee.co.id/3nthreeofficial","","241","90% (hitungan jam)","7,1RB","4.8 (378 penilaian)","3 tahun lalu","null","KOTA TANGERANG","40%off3Nthree kemeja koko Pria Muslim originalDiskon Rp2,5RBMurah LebayRp249.000Rp149.40032 TerjualKOTA TANGERANG","https://shopee.co.id/3Nthree-kemeja-koko-Pria-Muslim-original-i.184001696.15666321843?sp_atk=9bd698a1-9924-4d9b-9dc3-c77e805be01e&xptdk=9bd698a1-9924-4d9b-9dc3-c77e805be01e","null","null","null","null","null"
"1668866695-7","https://shopee.co.id/mall/brands/11042849","2nd Red","https://shopee.co.id/2ndred","","311","83% (hitungan jam)","8,9RB","4.8 (13RB penilaian)","5 tahun lalu","null","KAB. BANDUNG BARAT","62%off2nd Red Celana Jeans Legend Slim Fit Premium Bahan Melar Warna Biru Muda 133266Diskon 10%Rp399.900Rp151.9624,3RB TerjualKAB. BANDUNG BARAT","https://shopee.co.id/2nd-Red-Celana-Jeans-Legend-Slim-Fit-Premium-Bahan-Melar-Warna-Biru-Muda-133266-i.23917033.1889960272?sp_atk=ab5ebdf2-936f-47c9-9783-a5b7ba26ca04&xptdk=ab5ebdf2-936f-47c9-9783-a5b7ba26ca04","null","null","null","null","null"
"1668866724-8","https://shopee.co.id/mall/brands/11042849","2FAB4YOU","https://shopee.co.id/2fab4you","","149","40% (hitungan menit)","1,9RB","4.9 (426 penilaian)","4 tahun lalu","null","KOTA JAKARTA BARAT","2FAB4YOU T-shirt OG FLAMINGO White/Putih - Pria/WanitaRp199.00013 TerjualKOTA JAKARTA BARAT","https://shopee.co.id/2FAB4YOU-T-shirt-OG-FLAMINGO-White-Putih-Pria-Wanita-i.73775993.2881168942?sp_atk=501edd0b-ed90-4661-87d2-3c58f8258e7d&xptdk=501edd0b-ed90-4661-87d2-3c58f8258e7d","null","null","null","null","null"
"1668866765-9","https://shopee.co.id/mall/brands/11042849","17Seven","https://shopee.co.id/seventeenseven","","1,8RB","78% (hitungan jam)","80,4RB","4.7 (48,3RB penilaian)","4 tahun lalu","null","KOTA JAKARTA TIMUR","78%off17Seven Original Celana Panjang Chino 015-HITAM-AKMurah LebayRp409.000Rp90.00010RB+ TerjualKOTA JAKARTA TIMUR","https://shopee.co.id/17Seven-Original-Celana-Panjang-Chino-015-HITAM-AK-i.91485121.7350661850?sp_atk=763d2116-f795-4fd4-8b0d-e17dc8ecfb60&xptdk=763d2116-f795-4fd4-8b0d-e17dc8ecfb60","null","null","null","null","null"
"1668866847-10","https://shopee.co.id/mall/brands/11042849","07:35","https://shopee.co.id/0735_apparel","","52","73% (hitungan jam)","9,3RB","4.9 (1,4RB penilaian)","27 bulan lalu","null","KOTA JAKARTA UTARA","07:35 - Random SaleRp73.500243 TerjualKOTA JAKARTA UTARA","https://shopee.co.id/07-35-Random-Sale-i.298491252.9975420944?sp_atk=e3088619-8c83-464a-94a0-1360d3529d29&xptdk=e3088619-8c83-464a-94a0-1360d3529d29","null","null","null","null","null"
"1668866906-11","https://shopee.co.id/mall/brands/11042849","Zweckout Label","https://shopee.co.id/zweckout_label.official","","81","95% (hitungan jam)","15,4RB","4.6 (16,1RB penilaian)","5 tahun lalu","null","KAB. BANDUNG","45%offZWECKOUT LABEL - Celana Joger Slim Fit Skinny Jogger Pants Pria Korean Style HitamDiskon Rp5RBMurah LebayRp160.000Rp87.90010RB+ TerjualKAB. BANDUNG","https://shopee.co.id/ZWECKOUT-LABEL-Celana-Joger-Slim-Fit-Skinny-Jogger-Pants-Pria-Korean-Style-Hitam-i.59825614.6716661856?sp_atk=ceeb600c-a018-4db9-8af1-b82afd54e268&xptdk=ceeb600c-a018-4db9-8af1-b82afd54e268","null","null","null","null","null"
"1668866934-12","https://shopee.co.id/mall/brands/11042849","Zhon Army","https://shopee.co.id/zhonarmy","","37","70% (hitungan jam)","4,2RB","4.5 (212 penilaian)","4 bulan lalu","null","KAB. BANDUNG","ZHON ARMY - Ciel UnderPants - Cd Boxer Pria RandomDiskon Rp50RBRp50.000 - Rp200.000465 TerjualKAB. BANDUNG","https://shopee.co.id/ZHON-ARMY-Ciel-UnderPants-Cd-Boxer-Pria-Random-i.832121891.16581051299?sp_atk=c2dbbab5-3c1c-472c-9ce8-0ede113b1ee3&xptdk=c2dbbab5-3c1c-472c-9ce8-0ede113b1ee3","null","null","null","null","null"
"1668866974-13","https://shopee.co.id/mall/brands/11042849","ZG Zegoboss","https://shopee.co.id/zgzegoboss","","54","87% (hitungan jam)","5,1RB","4.8 (1RB penilaian)","26 bulan lalu","null","KOTA JAKARTA PUSAT","ZEGO BOSS Celana Panjang Jeans Stretch Denim Regular Fit (Solid Black)Murah LebayRp565.000443 TerjualKOTA JAKARTA PUSAT","https://shopee.co.id/ZEGO-BOSS-Celana-Panjang-Jeans-Stretch-Denim-Regular-Fit-(Solid-Black)-i.307319831.7351957312?sp_atk=980d88cc-f858-4388-9ddb-294f81972b96&xptdk=980d88cc-f858-4388-9ddb-294f81972b96","null","null","null","null","null"
"1668867004-14","https://shopee.co.id/mall/brands/11042849","ZeroTwentyTwo","https://shopee.co.id/zerotwentytwo.id","","715","85% (hitungan jam)","72RB","4.8 (18,9RB penilaian)","3 tahun lalu","null","KOTA BANDUNG","46%offZeroTwentyTwo T-shirt Transfer Black | Kaos Pria Parodi Plesetan Lucu ThrasherDiskon Rp2RBPilih 2, bayar Rp189.000Rp175.000Rp95.250874 TerjualKOTA BANDUNG","https://shopee.co.id/ZeroTwentyTwo-T-shirt-Transfer-Black-Kaos-Pria-Parodi-Plesetan-Lucu-Thrasher-i.175877695.7115926408?sp_atk=14043bf0-4a17-47b9-8639-0d7e1aa8abe9&xptdk=14043bf0-4a17-47b9-8639-0d7e1aa8abe9","null","null","null","null","null"
"1668867043-15","https://shopee.co.id/mall/brands/11042849","ZEROHEROES","https://shopee.co.id/zeroheroes.original","","435","97% (hitungan jam)","35,8RB","4.9 (12,3RB penilaian)","4 tahun lalu","null","KAB. MALANG","44%offZeroheroes | Kaos Kaki Tebal Premium Motif Garis OldschoolDiskon Rp1RBMurah LebayRp35.000Rp19.7002,3RB TerjualKAB. MALANG","https://shopee.co.id/Zeroheroes-Kaos-Kaki-Tebal-Premium-Motif-Garis-Oldschool-i.96006998.7450999154?sp_atk=d2545914-4ae5-414b-aabe-097538a03e48&xptdk=d2545914-4ae5-414b-aabe-097538a03e48","null","null","null","null","null"
"1668867075-16","https://shopee.co.id/mall/brands/11042849","Zaskia Mecca","https://shopee.co.id/zaskiamecca.official","","1,2RB","100% (hitungan jam)","1,9JT","4.8 (887,6RB penilaian)","6 tahun lalu","null","KOTA DEPOK","65%offZM Zaskia Mecca - Penyengat Dusty Green Scarf Kerudung Segi Empat Ultra SonicDiskon 10%Pilih 3, diskon 5%Rp189.000Rp67.0001,4RB TerjualKOTA DEPOK","https://shopee.co.id/ZM-Zaskia-Mecca-Penyengat-Dusty-Green-Scarf-Kerudung-Segi-Empat-Ultra-Sonic-i.12654106.6984957612?sp_atk=85157ba4-63a5-4af2-9638-8501804e2275&xptdk=85157ba4-63a5-4af2-9638-8501804e2275","null","null","null","null","null"
"1668867117-17","https://shopee.co.id/mall/brands/11042849","Zanetti","https://shopee.co.id/zanettiofficial","","33","100%","821","4.9 (16 penilaian)","27 bulan lalu","null","KOTA JAKARTA UTARA","ZL 75004 Zanetti Kemeja Basic Polos Slim Fit Lengan Panjang Hitam PekatRp249.0003 TerjualKOTA JAKARTA UTARA","https://shopee.co.id/ZL-75004-Zanetti-Kemeja-Basic-Polos-Slim-Fit-Lengan-Panjang-Hitam-Pekat-i.300622025.9010811787?sp_atk=b7249fbe-7ae4-451a-a2a2-7b12ceb7cd73&xptdk=b7249fbe-7ae4-451a-a2a2-7b12ceb7cd73","null","null","null","null","null"
"1668867145-18","https://shopee.co.id/mall/brands/11042849","Zalora","https://shopee.co.id/tolliverofficialshop","","3,3RB","99% (hitungan jam)","120,1RB","4.8 (13,7RB penilaian)","3 tahun lalu","null","KOTA BEKASI","57%offTolliver Hoodies With Zipper NavyDiskon 5%Rp349.000Rp149.000233 TerjualKOTA BEKASI","https://shopee.co.id/Tolliver-Hoodies-With-Zipper-Navy-i.166667048.4439560886?sp_atk=2b876c6a-b1ca-4046-b0d8-3f2efcb719a2&xptdk=2b876c6a-b1ca-4046-b0d8-3f2efcb719a2","null","null","null","null","null"
"1668867169-19","https://shopee.co.id/mall/brands/11042849","Zaemerci","https://shopee.co.id/zaemerci","","105","97% (hitungan jam)","22,9RB","4.8 (13,2RB penilaian)","33 bulan lalu","null","KOTA BANDUNG","20%offZaemerci - Kimono Kanvas  Lengan Panjang  Pria | Outer Casual Unisex OriginalDiskon 50%Pilih 2, diskon Rp15.000Rp72.000 - Rp153.0004,8RB TerjualKOTA BANDUNG","https://shopee.co.id/Zaemerci-Kimono-Kanvas-Lengan-Panjang-Pria-Outer-Casual-Unisex-Original-i.228751626.9915157509?sp_atk=b2b517a8-f25e-4afc-a0e4-d0494887777a&xptdk=b2b517a8-f25e-4afc-a0e4-d0494887777a","null","null","null","null","null"
"1668867203-20","https://shopee.co.id/mall/brands/11042849","Yesterday","https://shopee.co.id/yesterdayofficial","","437","95% (hitungan jam)","125,9RB","4.7 (131,8RB penilaian)","3 tahun lalu","null","KOTA BANDUNG","60%offYesterday Waistbag Full Print Takei BlackDiskon Rp2,5RBPilih 3, bayar Rp195.000Rp195.000Rp78.0002,7RB TerjualKOTA BANDUNG","https://shopee.co.id/Yesterday-Waistbag-Full-Print-Takei-Black-i.173440820.5556050824?sp_atk=316ec81a-1a07-4c0c-8a46-a245db70cc2f&xptdk=316ec81a-1a07-4c0c-8a46-a245db70cc2f","null","null","null","null","null"
"1668867231-21","https://shopee.co.id/mall/brands/11042849","YEGE","https://shopee.co.id/yegeindonesia","","592","42% (hitungan jam)","7,4RB","4.7 (4,8RB penilaian)","4 tahun lalu","null","KOTA JAKARTA UTARA","YEGE Kemeja Koko Pria Putih HADAAD Lengan PanjangRp149.900144 TerjualKOTA JAKARTA UTARA","https://shopee.co.id/YEGE-Kemeja-Koko-Pria-Putih-HADAAD-Lengan-Panjang-i.85448016.6642570864?sp_atk=31b11255-fca0-4348-a729-8c76769805f3&xptdk=31b11255-fca0-4348-a729-8c76769805f3","null","null","null","null","null"
"1668867255-22","https://shopee.co.id/mall/brands/11042849","Yauds.co","https://shopee.co.id/yauds.co","","37","25% (hitungan jam)","1,3RB","4.8 (50 penilaian)","4 tahun lalu","null","KOTA JAKARTA SELATAN","YAUDS.co x SPEAK UP TshirtRp220.0008 TerjualKOTA JAKARTA SELATAN","https://shopee.co.id/YAUDS.co-x-SPEAK-UP-Tshirt-i.128826850.9467307541?sp_atk=9d4dff35-cbe3-481d-b26b-b062445e8de6&xptdk=9d4dff35-cbe3-481d-b26b-b062445e8de6","null","null","null","null","null"
"1668867280-23","https://shopee.co.id/mall/brands/11042849","Yard Sale","https://shopee.co.id/yardsaleofficial","","690","71% (hitungan jam)","657","4.9 (93 penilaian)","21 bulan lalu","null","KOTA JAKARTA PUSAT","50%offYard Sale Costuum Kitsune Nylon Waist Bag OliveRp399.000Rp199.5001 TerjualKOTA JAKARTA PUSAT","https://shopee.co.id/Yard-Sale-Costuum-Kitsune-Nylon-Waist-Bag-Olive-i.383744581.4081437312?sp_atk=c2bb0ece-cfcf-4deb-925d-b9b086205bc9&xptdk=c2bb0ece-cfcf-4deb-925d-b9b086205bc9","null","null","null","null","null"
"1668867306-24","https://shopee.co.id/mall/brands/11042849","YAMASURIH","https://shopee.co.id/yamasurih.official","","57","42% (hitungan menit)","null","1,1RB","4.9 (171 penilaian)","null","KOTA BANDUNG","Yamasurih - Kaos Hitam ""Pecker Bozo"" T-ShirtRp200.00034 TerjualKOTA BANDUNG","https://shopee.co.id/Yamasurih-Kaos-Hitam-Pecker-Bozo-T-Shirt-i.272365407.4863866211?sp_atk=68d9e00a-2d5e-448a-bf3e-249feca8ba25&xptdk=68d9e00a-2d5e-448a-bf3e-249feca8ba25","null","null","null","null","null"
"1668867330-25","https://shopee.co.id/mall/brands/11042849","YAJUGAYA","https://shopee.co.id/yajugayaindonesia","","null","89% (hitungan jam)","1,4RB","4.9 (231 penilaian)","3 tahun lalu","null","KOTA BEKASI","Yajugaya - SituasuRp215.00035 TerjualKOTA BEKASI","https://shopee.co.id/Yajugaya-Situasu-i.161754161.2429683023?sp_atk=eea4ae9a-163e-41e3-b2c6-386d084d80a3&xptdk=eea4ae9a-163e-41e3-b2c6-386d084d80a3","null","null","null","null","null"
"1668867357-26","https://shopee.co.id/mall/brands/11042849","XXMAKE","https://shopee.co.id/xxmake_official","","57","100% (hitungan menit)","81,3RB","4.8 (53,4RB penilaian)","31 bulan lalu","null","KAB. TANGERANG","51%offXXMake Elastic Cover Sofa Bed Penutup Sofa Pattern Modern Menarik Sarung Sofa Bed S M L Penutup Sofa Bed ElastisDiskon Rp4RBMurah LebayRp83.000 - Rp114.00010RB+ TerjualKAB. TANGERANG","https://shopee.co.id/XXMake-Elastic-Cover-Sofa-Bed-Penutup-Sofa-Pattern-Modern-Menarik-Sarung-Sofa-Bed-S-M-L-Penutup-Sofa-Bed-Elastis-i.253240817.12446645553?sp_atk=6c8d2a6c-f6c9-4dcd-b286-b29e1b2f6d38&xptdk=6c8d2a6c-f6c9-4dcd-b286-b29e1b2f6d38","null","null","null","null","null"
"1668867381-27","https://shopee.co.id/mall/brands/11042849","X8","https://shopee.co.id/x8official","","null","93% (hitungan jam)","159,7RB","4.9 (20,2RB penilaian)","5 tahun lalu","null","KOTA JAKARTA BARAT","50%offBLUELINE by X8 Nino T-Shirt Pakaian PriaHadiah GratisRp189.900Rp94.950380 TerjualKOTA JAKARTA BARAT","https://shopee.co.id/BLUELINE-by-X8-Nino-T-Shirt-Pakaian-Pria-i.66854073.9423501364?sp_atk=eb58e747-75cb-4864-afa1-4adc174b1df5&xptdk=eb58e747-75cb-4864-afa1-4adc174b1df5","null","null","null","null","null"
"1668867409-28","https://shopee.co.id/mall/brands/11042849","X Urban Absolute","https://shopee.co.id/xurbandabsolute","","250","91% (hitungan jam)","172,7RB","4.8 (30,9RB penilaian)","33 bulan lalu","null","KAB. BANDUNG","20%offX Urband Absolute Jaket Sukajan Raion Terlaris A096Kombo HematRp60.000 - Rp89.60010RB+ TerjualKAB. BANDUNG","https://shopee.co.id/X-Urband-Absolute-Jaket-Sukajan-Raion-Terlaris-A096-i.224747419.9127208738?sp_atk=fe1bded0-4e88-434b-8159-1ca341029b65&xptdk=fe1bded0-4e88-434b-8159-1ca341029b65","null","null","null","null","null"
"1668867436-29","https://shopee.co.id/mall/brands/11042849","Wrangler","https://shopee.co.id/wranglerofficial","","1,1RB","58% (hitungan jam)","159RB","4.8 (29,9RB penilaian)","5 tahun lalu","null","KOTA BEKASI","10%offWrangler Jeans Texasbmcbc01A18Diskon Rp20RBRp459.900Rp413.910565 TerjualKOTA BEKASI","https://shopee.co.id/Wrangler-Jeans-Texasbmcbc01A18-i.55945766.4815275614?sp_atk=c3bf418f-c774-4a78-b6b8-3357db4dc6fa&xptdk=c3bf418f-c774-4a78-b6b8-3357db4dc6fa","null","null","null","null","null"
"1668867463-30","https://shopee.co.id/mall/brands/11042849","Worth ID","https://shopee.co.id/worthid.clothing","","438","86% (hitungan jam)","139,1RB","4.8 (42,5RB penilaian)","6 tahun lalu","null","KOTA BEKASI","25%offWORTH ID Kemeja Pria Cotton Pique Panjang BlackDiskon 50%Rp150.000 - Rp199.0002RB TerjualKOTA BEKASI","https://shopee.co.id/WORTH-ID-Kemeja-Pria-Cotton-Pique-Panjang-Black-i.11950297.1509390338?sp_atk=580614a4-2806-4adf-b6f9-1aa321f60f41&xptdk=580614a4-2806-4adf-b6f9-1aa321f60f41","null","null","null","null","null"
"1668867516-31","https://shopee.co.id/mall/brands/11042849","Wormhole","https://shopee.co.id/wormholestore","","528","91% (hitungan jam)","94,4RB","4.9 (12,8RB penilaian)","4 tahun lalu","null","KOTA BANDUNG","5%offW.Essentiels Jaket Ecume Oversize Hoodie Olive EssentielsDiskon 10%Rp499.000Rp474.0501,2RB TerjualKOTA BANDUNG","https://shopee.co.id/W.Essentiels-Jaket-Ecume-Oversize-Hoodie-Olive-Essentiels-i.87216194.1455625420?sp_atk=6761d49a-b0fc-421c-9117-572c34f3ef40&xptdk=6761d49a-b0fc-421c-9117-572c34f3ef40","null","null","null","null","null"
"1668867540-32","https://shopee.co.id/mall/brands/11042849","Workout Streetwear","https://shopee.co.id/workoutstreetwear","","341","98% (hitungan jam)","111,4RB","4.8 (53RB penilaian)","25 bulan lalu","null","KOTA BANDUNG","51%offWorkout Streetwear Kaos Distro Cream BrokePilih 2, bayar Rp145.000Rp68.600 - Rp75.6008RB TerjualKOTA BANDUNG","https://shopee.co.id/Workout-Streetwear-Kaos-Distro-Cream-Broke-i.327711825.7884871886?sp_atk=ddcb3387-bae7-4b0a-a202-abed2d2e7baa&xptdk=ddcb3387-bae7-4b0a-a202-abed2d2e7baa","null","null","null","null","null"
"1668867565-33","https://shopee.co.id/mall/brands/11042849","Woof Pack","https://shopee.co.id/woofpack","","88","69% (hitungan jam)","2,6RB","4.6 (4RB penilaian)","4 tahun lalu","null","KOTA JAKARTA BARAT","84%offTas Pouch Clutch Aksesoris Wanita Pria Multifungsi Woof Pack TCpouchXmi1Murah LebayRp70.000Rp10.9002,6RB TerjualKOTA JAKARTA BARAT","https://shopee.co.id/Tas-Pouch-Clutch-Aksesoris-Wanita-Pria-Multifungsi-Woof-Pack-TCpouchXmi1-i.136847255.2090382228?sp_atk=5b697c66-7fca-4794-adb6-91012ca00fe1&xptdk=5b697c66-7fca-4794-adb6-91012ca00fe1","null","null","null","null","null"
"1668867592-34","https://shopee.co.id/mall/brands/11042849","Woodcutter","https://shopee.co.id/woodcutter","","174","95% (hitungan jam)","49,8RB","4.8 (22,1RB penilaian)","6 tahun lalu","null","KOTA BEKASI","16%offWOODCUTTER Kemeja Green Oakland Flannel ShirtPilih 2, diskon Rp5.000Rp189.000Rp159.5001,5RB TerjualKOTA BEKASI","https://shopee.co.id/WOODCUTTER-Kemeja-Green-Oakland-Flannel-Shirt-i.11559302.7532185453?sp_atk=a1682d27-6efc-44f5-858d-e4b0f8492d36&xptdk=a1682d27-6efc-44f5-858d-e4b0f8492d36","null","null","null","null","null"
"1668867616-35","https://shopee.co.id/mall/brands/11042849","Wood","https://shopee.co.id/woodofficialshop","","368","64% (hitungan jam)","10RB","4.9 (1,9RB penilaian)","25 bulan lalu","null","KOTA BEKASI","50%offWOOD Modern Fit Chino Pants 2-OPXBSC518O028 SandDiskon Rp20RBRp479.900Rp239.95071 TerjualKOTA BEKASI","https://shopee.co.id/WOOD-Modern-Fit-Chino-Pants-2-OPXBSC518O028-Sand-i.321648624.3371878387?sp_atk=52c1bc29-1456-48ea-ad62-c7f0dd3c2ebc&xptdk=52c1bc29-1456-48ea-ad62-c7f0dd3c2ebc","null","null","null","null","null"
"1668867654-36","https://shopee.co.id/mall/brands/11042849","Woffi Man","https://shopee.co.id/woffimanofficialshop","","null","94% (hitungan jam)","9,7RB","4.8 (2,6RB penilaian)","29 bulan lalu","null","KOTA SURABAYA","80%offWoffi Kaos Pria - Denimize StripesRp380.000Rp75.00083 TerjualKOTA SURABAYA","https://shopee.co.id/Woffi-Kaos-Pria-Denimize-Stripes-i.279757087.7345304149?sp_atk=f74b3337-369b-41b5-a8d8-a5e03f4c91cb&xptdk=f74b3337-369b-41b5-a8d8-a5e03f4c91cb","null","null","null","null","null"
"1668867686-37","https://shopee.co.id/mall/brands/11042849","WKND","https://shopee.co.id/wkndclothes","","596","94% (hitungan jam)","148,2RB","4.8 (34RB penilaian)","4 tahun lalu","null","KOTA BANDUNG","44%offWKND Sweater Crewneck Original 1074 Cream Be Bold And BraveRp295.000Rp165.0007,4RB TerjualKOTA BANDUNG","https://shopee.co.id/WKND-Sweater-Crewneck-Original-1074-Cream-Be-Bold-And-Brave-i.107851093.7877608885?sp_atk=1ab11db1-f242-4c94-b88e-72025b2aa71c&xptdk=1ab11db1-f242-4c94-b88e-72025b2aa71c","null","null","null","null","null"
"1668867711-38","https://shopee.co.id/mall/brands/11042849","WIN Indonesia","https://shopee.co.id/winofficialshop","","31","75% (hitungan jam)","2,7RB","4.7 (387 penilaian)","9 bulan lalu","null","KAB. BANDUNG","47%offWIN - Parfume Unisex TravelRp80.000Rp42.400101 TerjualKAB. BANDUNG","https://shopee.co.id/WIN-Parfume-Unisex-Travel-i.680129571.20855210672?sp_atk=849c387f-6ce0-4a5e-b40a-06a8e3d75c20&xptdk=849c387f-6ce0-4a5e-b40a-06a8e3d75c20","null","null","null","null","null"
"1668867744-39","https://shopee.co.id/mall/brands/11042849","Will K","https://shopee.co.id/willklondon","","193","75% (hitungan jam)","18,5RB","4.8 (1,6RB penilaian)","5 tahun lalu","null","KOTA SURABAYA","47%offWILL-K LONDON T-shirt Contemporary Work Wear Sage GreenCashback 11%Rp189.900Rp99.90050 TerjualKOTA SURABAYA","https://shopee.co.id/WILL-K-LONDON-T-shirt-Contemporary-Work-Wear-Sage-Green-i.57319952.9653584802?sp_atk=2656a719-c540-4b46-ac4d-3f384bd0cec0&xptdk=2656a719-c540-4b46-ac4d-3f384bd0cec0","null","null","null","null","null"
"1668867779-40","https://shopee.co.id/mall/brands/11042849","WHSTL.","https://shopee.co.id/whstlofficial","","971","93% (hitungan jam)","55,8RB","4.8 (16,5RB penilaian)","5 tahun lalu","null","KOTA BANDUNG","40%offWHSTL. Topi 5 Panel Pria - Clone Series (5 Pilihan Warna)Diskon Rp5RBRp120.000Rp72.0004,8RB TerjualKOTA BANDUNG","https://shopee.co.id/WHSTL.-Topi-5-Panel-Pria-Clone-Series-(5-Pilihan-Warna)-i.58359064.5832274561?sp_atk=7e473923-ddf9-4c77-bfab-0937da44ee69&xptdk=7e473923-ddf9-4c77-bfab-0937da44ee69","null","null","null","null","null"
"1668867804-41","https://shopee.co.id/mall/brands/11042849","WGB","https://shopee.co.id/wahgedebanget","","290","70% (hitungan jam)","11,2RB","4.9 (6,4RB penilaian)","6 tahun lalu","null","KOTA TANGERANG","Masker+ PRO BIG SIZE Bahan 3 Lapis Non Medis Tebal Earloop Korea Anti Virus WGBGrosirRp34.9002,1RB TerjualKOTA TANGERANG","https://shopee.co.id/Masker-PRO-BIG-SIZE-Bahan-3-Lapis-Non-Medis-Tebal-Earloop-Korea-Anti-Virus-WGB-i.6308095.6654182982?sp_atk=17c8519e-21c7-4751-b65e-fbd79fcb4228&xptdk=17c8519e-21c7-4751-b65e-fbd79fcb4228","null","null","null","null","null"
"1668867836-42","https://shopee.co.id/mall/brands/11042849","Welldone","https://shopee.co.id/welldone.store","","272","80% (hitungan jam)","182,3RB","4.8 (81,8RB penilaian)","4 tahun lalu","null","KAB. BANDUNG","46%offWelldone Hoodie - Hoodie Fantastic BlackRp349.000Rp189.0003RB TerjualKAB. BANDUNG","https://shopee.co.id/Welldone-Hoodie-Hoodie-Fantastic-Black-i.96896363.6131859864?sp_atk=bfbc2e62-94a8-4a95-9fd3-2edb74c51b4d&xptdk=bfbc2e62-94a8-4a95-9fd3-2edb74c51b4d","null","null","null","null","null"
"1668867865-43","https://shopee.co.id/mall/brands/11042849","Wellborn","https://shopee.co.id/wellborncompany","","341","97% (hitungan jam)","382,8RB","4.8 (173,5RB penilaian)","34 bulan lalu","null","KOTA BANDUNG","74%offWellborn Polo Two Tone Shirt CollectionHadiah GratisRp265.000Rp69.0002,3RB TerjualKOTA BANDUNG","https://shopee.co.id/Wellborn-Polo-Two-Tone-Shirt-Collection-i.218995246.9819735704?sp_atk=983dfb39-ff31-4c28-b690-78b47102643b&xptdk=983dfb39-ff31-4c28-b690-78b47102643b","null","null","null","null","null"
"1668867899-44","https://shopee.co.id/mall/brands/11042849","Wear Ware","https://shopee.co.id/wearware.id","","31","100% (hitungan jam)","1,3RB","4.9 (1,4RB penilaian)","5 tahun lalu","null","KOTA JAKARTA BARAT","26%offWEAR WARE - T Shirt Wanita - Bamboo Cotton V Neck WB003Rp59.200 - Rp80.000531 TerjualKOTA JAKARTA BARAT","https://shopee.co.id/WEAR-WARE-T-Shirt-Wanita-Bamboo-Cotton-V-Neck-WB003-i.45175550.2946904401?sp_atk=ec84382f-5794-4053-b323-5a1cafa501d4&xptdk=ec84382f-5794-4053-b323-5a1cafa501d4","null","null","null","null","null"
"1668867930-45","https://shopee.co.id/mall/brands/11042849","Watchout","https://shopee.co.id/watchout.casual.jeans","","421","100% (hitungan jam)","20,1RB","4.9 (8,7RB penilaian)","31 bulan lalu","null","KOTA BANDUNG","70%offWatchout Short Sleeve Koko - JS8007401Hadiah GratisRp439.900Rp129.900157 TerjualKOTA BANDUNG","https://shopee.co.id/Watchout-Short-Sleeve-Koko-JS8007401-i.243163767.6558577471?sp_atk=c82e4e1b-acf1-4d31-a19d-e674c6ac38bf&xptdk=c82e4e1b-acf1-4d31-a19d-e674c6ac38bf","null","null","null","null","null"
"1668867958-46","https://shopee.co.id/mall/brands/11042849","Wassup WSP","https://shopee.co.id/wassup_wsp","","132","100% (hitungan menit)","4,5RB","4.8 (4,4RB penilaian)","18 bulan lalu","null","KAB. TANGERANG","54%off【BPOM】WASSUP BIOAQUA  Essence Mask 10x the effect Whitening Moisturizing SKIN CARE Sleeping MASKER wajah Sheet MASK 25g/28ml Buy 7pcs get Rp1900 offPilih 7, diskon Rp1.900Rp3.699 - Rp4.09910RB+ TerjualKAB. TANGERANG","https://shopee.co.id/%E3%80%90BPOM%E3%80%91WASSUP-BIOAQUA-Essence-Mask-10x-the-effect-Whitening-Moisturizing-SKIN-CARE-Sleeping-MASKER-wajah-Sheet-MASK-25g-28ml-Buy-7pcs-get-Rp1900-off-i.456602822.17125030498?sp_atk=7a39fa73-f3c0-4d7f-a804-ff1ebde340ee&xptdk=7a39fa73-f3c0-4d7f-a804-ff1ebde340ee","null","null","null","null","null"
"1668867988-47","https://shopee.co.id/mall/brands/11042849","Waskito","https://shopee.co.id/batikwaskito","","291","92% (hitungan jam)","12,1RB","4.9 (2RB penilaian)","3 tahun lalu","null","KOTA SURABAYA","Masker Batik Katun murah (random)GrosirRp3.000370 TerjualKOTA SURABAYA","https://shopee.co.id/Masker-Batik-Katun-murah-(random)-i.173440985.13128151389?sp_atk=46b4a194-61c7-43a0-842d-5fb2eeaf1224&xptdk=46b4a194-61c7-43a0-842d-5fb2eeaf1224","null","null","null","null","null"
"1668868019-48","https://shopee.co.id/mall/brands/11042849","Warning Clothing","https://shopee.co.id/warningclothing","","367","81% (hitungan jam)","14,6RB","4.8 (6,4RB penilaian)","34 bulan lalu","null","KOTA BANDUNG","Warning Praise 1 Polo CapRp149.000334 TerjualKOTA BANDUNG","https://shopee.co.id/Warning-Praise-1-Polo-Cap-i.223114590.5740497020?sp_atk=d60443c4-39de-462a-94e5-2122c9204f86&xptdk=d60443c4-39de-462a-94e5-2122c9204f86","null","null","null","null","null"
"1668868045-49","https://shopee.co.id/mall/brands/11042849","WARDKICK","https://shopee.co.id/wardkick_official_shop","","53","78% (hitungan jam)","5,1RB","4.8 (650 penilaian)","4 tahun lalu","null","KAB. BANDUNG BARAT","50%offWARDKICK Sweater Crewneck black white MetalRp350.000Rp175.0001,5RB TerjualKAB. BANDUNG BARAT","https://shopee.co.id/WARDKICK-Sweater-Crewneck-black-white-Metal-i.145609753.11809220219?sp_atk=3defb904-e7e1-405d-9d93-f029e471ccc7&xptdk=3defb904-e7e1-405d-9d93-f029e471ccc7","null","null","null","null","null"
"1668868076-50","https://shopee.co.id/mall/brands/11042849","Walrus","https://shopee.co.id/walrusfashion","","93","97% (hitungan jam)","13,9RB","4.9 (13,7RB penilaian)","4 tahun lalu","null","KOTA SURABAYA","56%offWalrus Kaos Polo Basic (Polos) Putih  T1021501Diskon Rp5RBRp269.900Rp119.900164 TerjualKOTA SURABAYA","https://shopee.co.id/Walrus-Kaos-Polo-Basic-(Polos)-Putih-T1021501-i.89671317.6213714446?sp_atk=613addfe-9ff0-4ada-8e06-320ca012b702&xptdk=613addfe-9ff0-4ada-8e06-320ca012b702","null","null","null","null","null"
"1668868105-51","https://shopee.co.id/mall/brands/11042849","WALKOUT","https://shopee.co.id/walkoutclothing","","79","100% (hitungan menit)","20RB","4.8 (606 penilaian)","5 tahun lalu","null","KOTA CIMAHI","28%offWalkout Wallet Bio BrownDiskon 50%Pilih 2, diskon Rp5.000Rp160.000Rp115.000141 TerjualKOTA CIMAHI","https://shopee.co.id/Walkout-Wallet-Bio-Brown-i.68131673.6041062824?sp_atk=7ab8e497-9729-4528-8b4f-63a1165b2eaa&xptdk=7ab8e497-9729-4528-8b4f-63a1165b2eaa","null","null","null","null","null"
"1668868132-52","https://shopee.co.id/mall/brands/11042849","WADEZIG!","https://shopee.co.id/wadezigstore","","1,3RB","80% (hitungan jam)","93,4RB","4.8 (11,1RB penilaian)","4 tahun lalu","null","KOTA BANDUNG","WADEZIG! Tshirt - Jerusalem Black On Black #3Murah LebayRp135.000284 TerjualKOTA BANDUNG","https://shopee.co.id/WADEZIG!-Tshirt-Jerusalem-Black-On-Black-3-i.118297438.10730160310?sp_atk=465a8339-6942-4177-aed2-7a2b7f93a020&xptdk=465a8339-6942-4177-aed2-7a2b7f93a020","null","null","null","null","null"
"1668868160-53","https://shopee.co.id/mall/brands/11042849","VSLSS","https://shopee.co.id/vslss.official","","135","96% (hitungan menit)","1,5RB","4.9 (118 penilaian)","4 tahun lalu","null","KOTA BANDUNG","70%offVslss - Hoodie - Establert - BlackDiskon Rp20RBRp359.000Rp107.7001 TerjualKOTA BANDUNG","https://shopee.co.id/Vslss-Hoodie-Establert-Black-i.74213140.3183746429?sp_atk=26142dc4-018d-4f99-8836-8af9370dd996&xptdk=26142dc4-018d-4f99-8836-8af9370dd996","null","null","null","null","null"
"1668868189-54","https://shopee.co.id/mall/brands/11042849","Vreedom","https://shopee.co.id/vreedomofficial","","38","77% (hitungan jam)","2,2RB","4.9 (430 penilaian)","13 bulan lalu","null","KOTA DEPOK","32%offVREEDOM Hermit Oversized T-shirt BlackDiskon 5%Rp249.000Rp169.999116 TerjualKOTA DEPOK","https://shopee.co.id/VREEDOM-Hermit-Oversized-T-shirt-Black-i.572294517.15017849452?sp_atk=f9375631-add2-4935-8322-021f995dd5ce&xptdk=f9375631-add2-4935-8322-021f995dd5ce","null","null","null","null","null"
"1668868216-55","https://shopee.co.id/mall/brands/11042849","Voordurend Love","https://shopee.co.id/voordurend","","236","89% (hitungan jam)","12,1RB","4.8 (3,2RB penilaian)","4 tahun lalu","null","KOTA DENPASAR","10%offVoordurend Love - Mackas Icon Laxtee -  Unisex - Black – Tshirt – Relaxed Fit – Cotton Combed 20sCashback 5%Rp179.100 - Rp199.00073 TerjualKOTA DENPASAR","https://shopee.co.id/Voordurend-Love-Mackas-Icon-Laxtee-Unisex-Black-%E2%80%93-Tshirt-%E2%80%93-Relaxed-Fit-%E2%80%93-Cotton-Combed-20s-i.119754295.4779971818?sp_atk=6fc567c9-a8d3-4d29-9c58-3013efd4746b&xptdk=6fc567c9-a8d3-4d29-9c58-3013efd4746b","null","null","null","null","null"
"1668868243-56","https://shopee.co.id/mall/brands/11042849","Von Dutch","https://shopee.co.id/vondutchofficial","","434","45% (hitungan jam)","30,3RB","4.9 (16,9RB penilaian)","33 bulan lalu","null","KOTA JAKARTA BARAT","30%offVondutch / Kaos / Tshirt / baju 0095BLRp251.300 - Rp359.000446 TerjualKOTA JAKARTA BARAT","https://shopee.co.id/Vondutch-Kaos-Tshirt-baju-0095BL-i.228625083.7737245822?sp_atk=b47e6f70-bc63-473b-8dbb-e4eb48bfbdaf&xptdk=b47e6f70-bc63-473b-8dbb-e4eb48bfbdaf","null","null","null","null","null"
"1668868271-57","https://shopee.co.id/mall/brands/11042849","VOLKVOG","https://shopee.co.id/volkvog","","306","99% (hitungan menit)","37RB","4.9 (7,7RB penilaian)","4 tahun lalu","null","KOTA BEKASI","43%offVolkvog Jeans Chino Panjang Genova SlimfitRp350.000Rp199.5001RB TerjualKOTA BEKASI","https://shopee.co.id/Volkvog-Jeans-Chino-Panjang-Genova-Slimfit-i.78022274.1336544032?sp_atk=8d5c39ec-74df-4bb3-9fca-46d9995250cf&xptdk=8d5c39ec-74df-4bb3-9fca-46d9995250cf","null","null","null","null","null"
"1668868300-58","https://shopee.co.id/mall/brands/11042849","Volcom","https://shopee.co.id/volcomofficial","","608","100% (hitungan menit)","42,7RB","4.9 (18,4RB penilaian)","26 bulan lalu","null","KAB. BADUNG","30%offVOLCOM - MFL ICONIC STONE PO BLKRp895.000Rp626.00053 TerjualKAB. BADUNG","https://shopee.co.id/VOLCOM-MFL-ICONIC-STONE-PO-BLK-i.315833408.13038069587?sp_atk=282966c0-4463-4015-889c-0fb65660d87c&xptdk=282966c0-4463-4015-889c-0fb65660d87c","null","null","null","null","null"
"1668868331-59","https://shopee.co.id/mall/brands/11042849","VNOISE","https://shopee.co.id/vnoise","","38","80% (hitungan jam)","1,2RB","4.6 (353 penilaian)","5 bulan lalu","null","KAB. BANDUNG","42%offVNOISE - Celana Jogger Pria Trendy Korean StyleGrosirRp120.000Rp70.000612 TerjualKAB. BANDUNG","https://shopee.co.id/VNOISE-Celana-Jogger-Pria-Trendy-Korean-Style-i.804116510.21816706231?sp_atk=19c7c46d-ffe4-4ec7-b84e-5335553e597e&xptdk=19c7c46d-ffe4-4ec7-b84e-5335553e597e","null","null","null","null","null"
"1668868389-60","https://shopee.co.id/mall/brands/11042849","VNI.ID","https://shopee.co.id/vni.id","","63","100% (hitungan jam)","63RB","4.7 (48,5RB penilaian)","20 bulan lalu","null","KOTA JAKARTA BARAT","77%offVNI.ID Basic Sweater Polos New York 199X Pria & Wanita SIZE M-XXLDiskon Rp500Rp39.800 - Rp56.6949,5RB TerjualKOTA JAKARTA BARAT","https://shopee.co.id/VNI.ID-Basic-Sweater-Polos-New-York-199X-Pria-Wanita-SIZE-M-XXL-i.404771892.6182446887?sp_atk=4f79dfb1-8881-479d-b865-75d21eeabacc&xptdk=4f79dfb1-8881-479d-b865-75d21eeabacc","null","null","null","null","null"
"1668868416-61","https://shopee.co.id/mall/brands/11042849","Vitlexs","https://shopee.co.id/vitlexsofficial","","61","44% (hitungan jam)","9,4RB","4.7 (1,8RB penilaian)","26 bulan lalu","null","KAB. BANDUNG","40%offVitlexs Sandal Pria Slip On Art Font VitlexsDiskon Rp20RBPilih 2, diskon 5%Rp200.000Rp120.00022 TerjualKAB. BANDUNG","https://shopee.co.id/Vitlexs-Sandal-Pria-Slip-On-Art-Font-Vitlexs-i.312777406.11623187022?sp_atk=c4949641-d7e6-45a7-b268-ff71998b0eb5&xptdk=c4949641-d7e6-45a7-b268-ff71998b0eb5","null","null","null","null","null"
"1668868441-62","https://shopee.co.id/mall/brands/11042849","Vish","https://shopee.co.id/vishbyntl","","101","59% (hitungan jam)","17%","8RB","4.9 (1,2RB penilaian)","null","KOTA JAKARTA BARAT","Vish - (Ready Stock) Ventela x Nevertoolavish: H13 Noir HighRp469.800111 TerjualKOTA JAKARTA BARAT","https://shopee.co.id/Vish-(Ready-Stock)-Ventela-x-Nevertoolavish-H13-Noir-High-i.218254552.7149898391?sp_atk=a6ed93e2-a4af-457a-b5a2-64e8302f95b3&xptdk=a6ed93e2-a4af-457a-b5a2-64e8302f95b3","null","null","null","null","null"
"1668868475-63","https://shopee.co.id/mall/brands/11042849","Visbar","https://shopee.co.id/visbar.id","","171","92% (hitungan jam)","72,2RB","4.9 (17,9RB penilaian)","3 tahun lalu","null","KOTA DEPOK","25%offVisbar TShirt T13 - MermaidDiskon Rp1RBPilih 3, bayar Rp250.000Rp169.000Rp126.7501,6RB TerjualKOTA DEPOK","https://shopee.co.id/Visbar-TShirt-T13-Mermaid-i.166044163.5616761704?sp_atk=be7c19c5-30c3-404b-ac0c-6f83d249a635&xptdk=be7c19c5-30c3-404b-ac0c-6f83d249a635","null","null","null","null","null"
"1668868508-64","https://shopee.co.id/mall/brands/11042849","VIBESAPPAREL","https://shopee.co.id/vibesapparel_","","218","95% (hitungan jam)","30,8RB","4.8 (8,8RB penilaian)","4 tahun lalu","null","KOTA TANGERANG","55%offVIBES APPAREL | Wirepeace | Coach JacketDiskon 20%Murah LebayRp350.000Rp159.0001,2RB TerjualKOTA TANGERANG","https://shopee.co.id/VIBES-APPAREL-Wirepeace-Coach-Jacket-i.106062905.6765038927?sp_atk=5163ee52-db25-41a5-9295-0d25aa36cf8f&xptdk=5163ee52-db25-41a5-9295-0d25aa36cf8f","null","null","null","null","null"
"1668868574-65","https://shopee.co.id/mall/brands/11042849","Vialli Milano","https://shopee.co.id/viallimilano","","259","64% (hitungan jam)","1,8RB","4.9 (1,5RB penilaian)","27 bulan lalu","null","KOTA JAKARTA BARAT","Danatella Polo Stripe Shirt Wanita lengan pendekRp229.000156 TerjualKOTA JAKARTA BARAT","https://shopee.co.id/Danatella-Polo-Stripe-Shirt-Wanita-lengan-pendek-i.298649135.8811076206?sp_atk=40a4348c-3f0b-4e6c-b47a-0c40d934006c&xptdk=40a4348c-3f0b-4e6c-b47a-0c40d934006c","null","null","null","null","null"
"1668868599-66","https://shopee.co.id/mall/brands/11042849","Verticalgoods","https://shopee.co.id/verticalgoods","","null","97% (hitungan jam)","40,6RB","4.8 (15,3RB penilaian)","5 tahun lalu","null","KOTA TANGERANG","56%offVerticalgoods | T-shirt Oversize | BLURRY Kaos HitamKombo HematRp180.000Rp79.5004,3RB TerjualKOTA TANGERANG","https://shopee.co.id/Verticalgoods-T-shirt-Oversize-BLURRY-Kaos-Hitam-i.42407758.9143856822?sp_atk=799b43b4-4135-459d-bda7-88cc9791e80d&xptdk=799b43b4-4135-459d-bda7-88cc9791e80d","null","null","null","null","null"
"1668868629-67","https://shopee.co.id/mall/brands/11042849","Verkoop","https://shopee.co.id/verkoop.store","","56","58% (hitungan jam)","2RB","4.9 (1,9RB penilaian)","9 bulan lalu","null","KOTA JAKARTA SELATAN","60%offVerkoop Long Sleeve Tshirt ArmyRp299.000Rp119.00033 TerjualKOTA JAKARTA SELATAN","https://shopee.co.id/Verkoop-Long-Sleeve-Tshirt-Army-i.698748973.20458886939?sp_atk=aec78c65-c590-4409-9339-bb1e503ecaef&xptdk=aec78c65-c590-4409-9339-bb1e503ecaef","null","null","null","null","null"
"1668868656-68","https://shopee.co.id/mall/brands/11042849","Vercline","https://shopee.co.id/vercline","","34","40% (hitungan jam)","1,9RB","4.8 (238 penilaian)","4 tahun lalu","null","KOTA JAKARTA BARAT","30%offVercline Oversized T-Shirt DOBIERp425.000Rp297.5003 TerjualKOTA JAKARTA BARAT","https://shopee.co.id/Vercline-Oversized-T-Shirt-DOBIE-i.92018159.19057695179?sp_atk=7314ea4c-2e8e-48cc-a96e-60ca8e7acc39&xptdk=7314ea4c-2e8e-48cc-a96e-60ca8e7acc39","null","null","null","null","null"
"1668868684-69","https://shopee.co.id/mall/brands/11042849","Vengoz","https://shopee.co.id/vengoz","","251","74% (hitungan jam)","125,8RB","4.8 (57,4RB penilaian)","5 tahun lalu","null","KOTA JAKARTA UTARA","64%offVENGOZ Kemeja Pria - Adya Casual ShirtDiskon 50%Pilih 2, diskon 3%Rp359.000Rp129.0002,7RB TerjualKOTA JAKARTA UTARA","https://shopee.co.id/VENGOZ-Kemeja-Pria-Adya-Casual-Shirt-i.58259176.9618220973?sp_atk=8926e3e6-022d-441e-a810-2265f5e9c699&xptdk=8926e3e6-022d-441e-a810-2265f5e9c699","null","null","null","null","null"
"1668868717-70","https://shopee.co.id/mall/brands/11042849","Veljko","https://shopee.co.id/veljko.official","","283","97% (hitungan jam)","57,4RB","4.8 (26,5RB penilaian)","34 bulan lalu","null","KOTA BANDUNG","45%offVeljko T-shirt Larva BlackDiskon Rp2,5RBRp135.000Rp74.5001,9RB TerjualKOTA BANDUNG","https://shopee.co.id/Veljko-T-shirt-Larva-Black-i.219487388.3929010782?sp_atk=e7bd90e1-0ab4-4a38-a69f-3ced2c44a580&xptdk=e7bd90e1-0ab4-4a38-a69f-3ced2c44a580","null","null","null","null","null"
"1668868744-71","https://shopee.co.id/mall/brands/11042849","Vearst","https://shopee.co.id/vearst","","389","90% (hitungan jam)","47,8RB","4.8 (15,5RB penilaian)","33 bulan lalu","null","KOTA BANDUNG","41%offVearst Work Pants Sable 540 Cut BlackRp260.000 - Rp439.000708 TerjualKOTA BANDUNG","https://shopee.co.id/Vearst-Work-Pants-Sable-540-Cut-Black-i.224781834.6278574673?sp_atk=5677327d-c3ca-4c3e-ba73-b45703ca00f9&xptdk=5677327d-c3ca-4c3e-ba73-b45703ca00f9","null","null","null","null","null"
"1668868773-72","https://shopee.co.id/mall/brands/11042849","VCRL","https://shopee.co.id/vcrl.id","","53","92% (hitungan jam)","2,6RB","4.6 (5,1RB penilaian)","28 bulan lalu","null","KAB. BANDUNG","50%offVCRL Sweater Pria Sablon Polos Basic Bahan Cotton Flece OriginalDiskon Rp5RBRp75.000 - Rp150.00010RB+ TerjualKAB. BANDUNG","https://shopee.co.id/VCRL-Sweater-Pria-Sablon-Polos-Basic-Bahan-Cotton-Flece-Original-i.282506205.8515037788?sp_atk=12e84ff0-6a69-4bed-8c6d-1caadf5ceb37&xptdk=12e84ff0-6a69-4bed-8c6d-1caadf5ceb37","null","null","null","null","null"
"1668868799-73","https://shopee.co.id/mall/brands/11042849","Varial","https://shopee.co.id/varialapparel.co","","242","96% (hitungan jam)","11,9RB","4.8 (2,4RB penilaian)","4 tahun lalu","null","KAB. BADUNG","18%offJAKET JEANS PRIA / TRUCKER JEANS / STONEWASH /DENIM / V TRD CONS MEDICINE BLUEDiskon Rp20RBRp430.000Rp352.60091 TerjualKAB. BADUNG","https://shopee.co.id/JAKET-JEANS-PRIA-TRUCKER-JEANS-STONEWASH-DENIM-V-TRD-CONS-MEDICINE-BLUE-i.105948078.6487864075?sp_atk=477ffb18-8d6b-4e89-ad44-3a81f4c326b0&xptdk=477ffb18-8d6b-4e89-ad44-3a81f4c326b0","null","null","null","null","null"
"1668868826-74","https://shopee.co.id/mall/brands/11042849","Vampire Dead And Revenge","https://shopee.co.id/vampiredeadandrevenge","","579","99% (hitungan jam)","57,6RB","4.8 (21RB penilaian)","33 bulan lalu","null","KAB. BANTUL","44%offVampire Kingdom T-shirt Short Sleeve | Gorgeo | BlackDiskon Rp2,5RBPilih 2, diskon Rp3.000Rp169.000Rp95.0001,1RB TerjualKAB. BANTUL","https://shopee.co.id/Vampire-Kingdom-T-shirt-Short-Sleeve-Gorgeo-Black-i.229008774.13814294907?sp_atk=46cb4080-00cd-40c7-ae8c-76a43074a104&xptdk=46cb4080-00cd-40c7-ae8c-76a43074a104","null","null","null","null","null"
"1668868861-75","https://shopee.co.id/mall/brands/11042849","Urbain Inc","https://shopee.co.id/urbaininc","","103","59% (hitungan jam)","77,7RB","4.8 (16,6RB penilaian)","3 tahun lalu","null","KOTA JAKARTA SELATAN","45%offUrbain Beanie/Kupluk Wool Hitam LogoPilih 2, bayar Rp100.000Rp100.000Rp55.000846 TerjualKOTA JAKARTA SELATAN","https://shopee.co.id/Urbain-Beanie-Kupluk-Wool-Hitam-Logo-i.155156587.4563253173?sp_atk=fdae70e6-5ab0-48d4-bfc1-be13a397c6f4&xptdk=fdae70e6-5ab0-48d4-bfc1-be13a397c6f4","null","null","null","null","null"
"1668868890-76","https://shopee.co.id/mall/brands/11042849","Uprise","https://shopee.co.id/uprisedenim","","89","97% (hitungan jam)","80,5RB","4.9 (7,1RB penilaian)","33 bulan lalu","null","KOTA JAKARTA UTARA","UPRISE Oversize Polo Black , White , GrayDiskon Rp15RBRp179.000103 TerjualKOTA JAKARTA UTARA","https://shopee.co.id/UPRISE-Oversize-Polo-Black-White-Gray-i.231103920.8498349348?sp_atk=126f64d4-3987-412f-bc38-98e6d98431b7&xptdk=126f64d4-3987-412f-bc38-98e6d98431b7","null","null","null","null","null"
"1668868968-77","https://shopee.co.id/mall/brands/11042849","Unxplnd","https://shopee.co.id/unxplndmarket","","159","77% (hitungan jam)","24,7RB","4.9 (5,5RB penilaian)","25 bulan lalu","null","KAB. TANGERANG","27%offUnxplnd | Beanie | Basic OG WovenRp95.000Rp69.0001,1RB TerjualKAB. TANGERANG","https://shopee.co.id/Unxplnd-Beanie-Basic-OG-Woven-i.325670631.9348232420?sp_atk=b14ef57f-e103-4581-8228-f18d7bb2dc64&xptdk=b14ef57f-e103-4581-8228-f18d7bb2dc64","null","null","null","null","null"
"1668869017-78","https://shopee.co.id/mall/brands/11042849","UNTCKD","https://shopee.co.id/untckd_official","","485","80% (hitungan jam)","96,8RB","4.8 (18,5RB penilaian)","7 tahun lalu","null","KOTA JAKARTA UTARA","67%offUNTCKD Quill FannypackRp150.000Rp50.000226 TerjualKOTA JAKARTA UTARA","https://shopee.co.id/UNTCKD-Quill-Fannypack-i.1304055.3414141404?sp_atk=6a5b4445-f669-47e5-9b81-627890b1b603&xptdk=6a5b4445-f669-47e5-9b81-627890b1b603","null","null","null","null","null"
"1668869085-79","https://shopee.co.id/mall/brands/11042849","Uno.co","https://shopee.co.id/unoco.official","","78","97% (hitungan jam)","20,7RB","4.9 (5,6RB penilaian)","36 bulan lalu","null","KOTA JAKARTA TIMUR","9%offUno.co Kemeja Formal Office Shirt lengan pendek hitam Big Size Xl-7XlCashback 3%Rp209.000 - Rp269.000151 TerjualKOTA JAKARTA TIMUR","https://shopee.co.id/Uno.co-Kemeja-Formal-Office-Shirt-lengan-pendek-hitam-Big-Size-Xl-7Xl-i.204790309.9576464727?sp_atk=0d6fdd1e-16a4-4d82-b0b8-94ae1b54cbf4&xptdk=0d6fdd1e-16a4-4d82-b0b8-94ae1b54cbf4","null","null","null","null","null"
"1668869148-80","https://shopee.co.id/mall/brands/11042849","UNKL347","https://shopee.co.id/unkl347official","","383","98% (hitungan jam)","132,5RB","4.8 (39RB penilaian)","4 tahun lalu","null","KOTA SURAKARTA (SOLO)","70%offUNKL347 T-Shirt Hitam Bahan Combed Motif Simpel BDTMRp260.000Rp78.0001,2RB TerjualKOTA SURAKARTA (SOLO)","https://shopee.co.id/UNKL347-T-Shirt-Hitam-Bahan-Combed-Motif-Simpel-BDTM-i.80732230.14790223061?sp_atk=4b8bd74d-acf0-4b1a-b58a-c7b91a0f84dd&xptdk=4b8bd74d-acf0-4b1a-b58a-c7b91a0f84dd","null","null","null","null","null"
"1668869181-81","https://shopee.co.id/mall/brands/11042849","Unitedhart","https://shopee.co.id/unitedhart_official","","95","74% (hitungan jam)","18,3RB","4.9 (2,8RB penilaian)","27 bulan lalu","null","KOTA BANDUNG","UH! Heavyweight Cotton 16s Pocket Tees BlackRp178.000226 TerjualKOTA BANDUNG","https://shopee.co.id/UH!-Heavyweight-Cotton-16s-Pocket-Tees-Black-i.293283681.4896740595?sp_atk=df76b033-9bcf-4141-b3c9-2cbded505880&xptdk=df76b033-9bcf-4141-b3c9-2cbded505880","null","null","null","null","null"
"1668869216-82","https://shopee.co.id/mall/brands/11042849","Unionwell","https://shopee.co.id/unionwelloriginal","","202","87% (hitungan jam)","14,6RB","4.9 (5,3RB penilaian)","3 tahun lalu","null","KOTA JAKARTA SELATAN","40%offUnionwell Tshirt Unionround Logo BlackRp300.000Rp180.000235 TerjualKOTA JAKARTA SELATAN","https://shopee.co.id/Unionwell-Tshirt-Unionround-Logo-Black-i.168583478.11156284810?sp_atk=7d637ec2-102a-4c08-858e-444945206fbc&xptdk=7d637ec2-102a-4c08-858e-444945206fbc","null","null","null","null","null"
"1668869246-83","https://shopee.co.id/mall/brands/11042849","Underage","https://shopee.co.id/underage.indonesia","","167","88% (hitungan jam)","10,3RB","4.9 (4,7RB penilaian)","3 tahun lalu","null","KOTA BANDUNG","54%offUnderage T-Shirt wild and free long sleve black streetwear | kaos motorDiskon Rp10RBMurah LebayRp138.600 - Rp163.350707 TerjualKOTA BANDUNG","https://shopee.co.id/Underage-T-Shirt-wild-and-free-long-sleve-black-streetwear-kaos-motor-i.199857305.4456360290?sp_atk=50ff8708-3eac-4392-b23b-b09802f2487c&xptdk=50ff8708-3eac-4392-b23b-b09802f2487c","null","null","null","null","null"
"1668869274-84","https://shopee.co.id/mall/brands/11042849","UK Unicloth Kingdom","https://shopee.co.id/uniclothkingdom","","79","65% (hitungan jam)","359","4.8 (128 penilaian)","19 bulan lalu","null","KOTA BANDUNG","50%offUK Unicloth Kingdom Tshirt Basic / Kaos Polos 24s / Kaos Polos Tanpa Jahitan SampingGrosirRp86.000Rp43.000152 TerjualKOTA BANDUNG","https://shopee.co.id/UK-Unicloth-Kingdom-Tshirt-Basic-Kaos-Polos-24s-Kaos-Polos-Tanpa-Jahitan-Samping-i.421704542.8488957170?sp_atk=fb0a9eed-bca8-4954-9b77-c214aeb86f42&xptdk=fb0a9eed-bca8-4954-9b77-c214aeb86f42","null","null","null","null","null"
"1668869300-85","https://shopee.co.id/mall/brands/11042849","UC&CO.","https://shopee.co.id/ucandcocanggu","","51","10%","383","4.9 (80 penilaian)","31 bulan lalu","null","KAB. BADUNG","UC&CO. Six Panel Cap Rest In ParadiseRp245.000 - Rp270.0004 TerjualKAB. BADUNG","https://shopee.co.id/UC-CO.-Six-Panel-Cap-Rest-In-Paradise-i.244561474.5929242914?sp_atk=2cf1491c-eb84-4106-8139-7447539775cc&xptdk=2cf1491c-eb84-4106-8139-7447539775cc","null","null","null","null","null"
"1668869324-86","https://shopee.co.id/mall/brands/11042849","U8","https://shopee.co.id/u8clothing","","130","75% (hitungan jam)","783","4.7 (184 penilaian)","28 bulan lalu","null","KOTA SURABAYA","60%offU8 Kemeja Motif Kirkless Navy Grey Modern Tribal KIRKLESS 1019-01Rp359.000Rp143.6003 TerjualKOTA SURABAYA","https://shopee.co.id/U8-Kemeja-Motif-Kirkless-Navy-Grey-Modern-Tribal-KIRKLESS-1019-01-i.283006103.7565395407?sp_atk=aa73de69-5a45-4f88-b819-9d47af1a5ffc&xptdk=aa73de69-5a45-4f88-b819-9d47af1a5ffc","null","null","null","null","null"
"1668869353-87","https://shopee.co.id/mall/brands/11042849","Twohead","https://shopee.co.id/twohead.official","","129","87% (hitungan jam)","19,4RB","4.8 (6,3RB penilaian)","24 bulan lalu","null","KAB. BANDUNG","59%offTwohead tshirt Depression WhiteDiskon Rp2,5RBRp180.000Rp73.8001,1RB TerjualKAB. BANDUNG","https://shopee.co.id/Twohead-tshirt-Depression-White-i.346059716.9528689078?sp_atk=6c776981-5221-43eb-8970-c5000403762e&xptdk=6c776981-5221-43eb-8970-c5000403762e","null","null","null","null","null"
"1668869378-88","https://shopee.co.id/mall/brands/11042849","Twinfit","https://shopee.co.id/twinfit_official","","183","100% (hitungan jam)","10,8RB","4.8 (2,1RB penilaian)","5 tahun lalu","null","KOTA BANDUNG","50%offTwinfit Basic Polo ShirtPilih 3, bayar Rp250.000Rp209.000Rp104.0001,2RB TerjualKOTA BANDUNG","https://shopee.co.id/Twinfit-Basic-Polo-Shirt-i.33873300.5849880509?sp_atk=cc889820-72e4-417f-bcd9-4c221f32f66e&xptdk=cc889820-72e4-417f-bcd9-4c221f32f66e","null","null","null","null","null"
"1668869408-89","https://shopee.co.id/mall/brands/11042849","Tvck","https://shopee.co.id/tvck_cons","","333","77% (hitungan jam)","17,2RB","4.9 (1,6RB penilaian)","3 tahun lalu","null","KOTA BANDUNG","25%offTvck Sling Bag Haqiba BlackRp155.000Rp116.250131 TerjualKOTA BANDUNG","https://shopee.co.id/Tvck-Sling-Bag-Haqiba-Black-i.158273238.5215538075?sp_atk=ab4d8a79-5753-4654-a365-6ac5740cf419&xptdk=ab4d8a79-5753-4654-a365-6ac5740cf419","null","null","null","null","null"
"1668869444-90","https://shopee.co.id/mall/brands/11042849","Tshirttokoh","https://shopee.co.id/tshirttokoh","","1,1RB","96% (hitungan jam)","66,6RB","4.8 (57,3RB penilaian)","6 tahun lalu","null","KOTA SURAKARTA (SOLO)","Tshirttokoh -  Kaos Panjang Umur Hal Baik - Cerita Baik HitamRp120.000 - Rp140.0002,7RB TerjualKOTA SURAKARTA (SOLO)","https://shopee.co.id/Tshirttokoh-Kaos-Panjang-Umur-Hal-Baik-Cerita-Baik-Hitam-i.8350587.3327648684?sp_atk=41b0c99b-b708-4e38-8a6a-2b80d7251a81&xptdk=41b0c99b-b708-4e38-8a6a-2b80d7251a81","null","null","null","null","null"
"1668869475-91","https://shopee.co.id/mall/brands/11042849","Trust Denim","https://shopee.co.id/trustdenimofficial","","88","76% (hitungan jam)","13RB","4.9 (3,6RB penilaian)","4 tahun lalu","null","KAB. BANDUNG","57%offTRUST DENIM Black Rainbow 505 Celana Denim selvedge accent  - Black Denim OriginalRp420.000Rp179.999388 TerjualKAB. BANDUNG","https://shopee.co.id/TRUST-DENIM-Black-Rainbow-505-Celana-Denim-selvedge-accent-Black-Denim-Original-i.79588850.2107775561?sp_atk=367e4955-9816-4998-9cea-4b3537aa595c&xptdk=367e4955-9816-4998-9cea-4b3537aa595c","null","null","null","null","null"
"1668869516-92","https://shopee.co.id/mall/brands/11042849","Troy.","https://shopee.co.id/troycompany","","681","98% (hitungan jam)","93RB","4.8 (43,1RB penilaian)","4 tahun lalu","null","KAB. SLEMAN","Troy Company Gelang Tangan Black GL 106Rp10.0007,2RB TerjualKAB. SLEMAN","https://shopee.co.id/Troy-Company-Gelang-Tangan-Black-GL-106-i.132593038.4131694080?sp_atk=9a004409-6f11-4899-952d-57f8387bd756&xptdk=9a004409-6f11-4899-952d-57f8387bd756","null","null","null","null","null"
"1668869558-93","https://shopee.co.id/mall/brands/11042849","Troveast","https://shopee.co.id/troveast","","117","85% (hitungan jam)","255,6RB","4.6 (215,4RB penilaian)","6 tahun lalu","null","KOTA TANGERANG","44%offTroveast Jaket Outdoor WaterproofDiskon Rp20RBMurah LebayRp300.000Rp169.00010RB+ TerjualKOTA TANGERANG","https://shopee.co.id/Troveast-Jaket-Outdoor-Waterproof-i.7791565.41661639?sp_atk=ae12b31a-ddc7-47a7-860f-0f3664ff4132&xptdk=ae12b31a-ddc7-47a7-860f-0f3664ff4132","null","null","null","null","null"
"1668869590-94","https://shopee.co.id/mall/brands/11042849","Trousary","https://shopee.co.id/trousaryofficial","","43","100% (hitungan menit)","3,5RB","4.8 (4,9RB penilaian)","3 tahun lalu","null","KAB. BANDUNG","39%offTrousary Sweater  Hoodie Zipper / Sleting Original Size S M L XL XXLDiskon 50%Rp85.000 - Rp130.0001,1RB TerjualKAB. BANDUNG","https://shopee.co.id/Trousary-Sweater-Hoodie-Zipper-Sleting-Original-Size-S-M-L-XL-XXL-i.180630585.5372680447?sp_atk=b5a4816e-e35e-462c-a04e-7d750cabfc02&xptdk=b5a4816e-e35e-462c-a04e-7d750cabfc02","null","null","null","null","null"
"1668869625-95","https://shopee.co.id/mall/brands/11042849","Trondheim","https://shopee.co.id/trondheimoriginal","","153","96% (hitungan jam)","19,1RB","4.8 (26,5RB penilaian)","4 tahun lalu","null","KOTA CIMAHI","75%offTrondheim Celana Jeans Slim Fit PriaRp99.000 - Rp139.0005,6RB TerjualKOTA CIMAHI","https://shopee.co.id/Trondheim-Celana-Jeans-Slim-Fit-Pria-i.119232628.2200142141?sp_atk=052d254f-5646-4496-855c-3728c3bd9a6b&xptdk=052d254f-5646-4496-855c-3728c3bd9a6b","null","null","null","null","null"
"1668869658-96","https://shopee.co.id/mall/brands/11042849","Triple","https://shopee.co.id/triplejeans","","462","85% (hitungan jam)","30,4RB","4.8 (12,3RB penilaian)","3 tahun lalu","null","KOTA SURABAYA","60%offTRIPLE Ladies Celana Jeans Stretch Slim Fit (94 777 GW)Diskon Rp7RBRp425.000Rp170.000690 TerjualKOTA SURABAYA","https://shopee.co.id/TRIPLE-Ladies-Celana-Jeans-Stretch-Slim-Fit-(94-777-GW)-i.175328065.6419139281?sp_atk=841e43f5-a8fc-4fff-b1e3-d5bf80aa6ca6&xptdk=841e43f5-a8fc-4fff-b1e3-d5bf80aa6ca6","null","null","null","null","null"
"1668869697-97","https://shopee.co.id/mall/brands/11042849","trepel","https://shopee.co.id/trepel.co","","38","79% (hitungan jam)","639","4.8 (419 penilaian)","7 bulan lalu","null","KOTA BANDUNG","27%offTrepel.Co Celana Cargo Pendek Warna Abu Muda Free Gantungan KunciDiskon Rp2RBPilih 3, diskon Rp5.000Rp124.700 - Rp175.000215 TerjualKOTA BANDUNG","https://shopee.co.id/Trepel.Co-Celana-Cargo-Pendek-Warna-Abu-Muda-Free-Gantungan-Kunci-i.754871962.19724584257?sp_atk=0e106990-2e37-4b0b-89a3-60795a9de59f&xptdk=0e106990-2e37-4b0b-89a3-60795a9de59f","null","null","null","null","null"
"1668869735-98","https://shopee.co.id/mall/brands/11042849","Tozicozy","https://shopee.co.id/tozicozy","","174","98% (hitungan jam)","23,6RB","4.8 (8,2RB penilaian)","4 tahun lalu","null","KAB. BANDUNG","Tozicozy Zein Tas Sling Bag Pria Warna Hitam Waterproof Bahan BimoDiskon 50%Hadiah GratisRp159.000349 TerjualKAB. BANDUNG","https://shopee.co.id/Tozicozy-Zein-Tas-Sling-Bag-Pria-Warna-Hitam-Waterproof-Bahan-Bimo-i.130851767.7894154586?sp_atk=616d10d3-4cdc-4af1-9c74-e909e6758b62&xptdk=616d10d3-4cdc-4af1-9c74-e909e6758b62","null","null","null","null","null"
"1668869766-99","https://shopee.co.id/mall/brands/11042849","TOPTEN","https://shopee.co.id/toptenofficial","","208","87% (hitungan jam)","11,9RB","4.7 (1,9RB penilaian)","4 tahun lalu","null","KOTA SURABAYA","52%offTOPTEN Celana Dalam Pria Boxer Premium Topten SportDiskon 10%Rp99.000Rp48.000685 TerjualKOTA SURABAYA","https://shopee.co.id/TOPTEN-Celana-Dalam-Pria-Boxer-Premium-Topten-Sport-i.96058796.6010357260?sp_atk=a87286bb-3374-430f-9b35-32ee8746fc83&xptdk=a87286bb-3374-430f-9b35-32ee8746fc83","null","null","null","null","null"
"1668869816-100","https://shopee.co.id/mall/brands/11042849","TopOne88","https://shopee.co.id/topone88","","289","97% (hitungan jam)","104,9RB","4.7 (150,8RB penilaian)","6 tahun lalu","null","KOTA JAKARTA BARAT","40%offTopone88 Jaket Royal Hoodie Zipper Anak Laki Perempuan UnisexMurah LebayRp100.000Rp60.00010RB+ TerjualKOTA JAKARTA BARAT","https://shopee.co.id/Topone88-Jaket-Royal-Hoodie-Zipper-Anak-Laki-Perempuan-Unisex-i.19222953.784901261?sp_atk=3c9bd62d-ec5b-4640-a53a-afad88ae5b03&xptdk=3c9bd62d-ec5b-4640-a53a-afad88ae5b03","null","null","null","null","null"
"1668869852-101","https://shopee.co.id/mall/brands/11042849","Tootsie","https://shopee.co.id/tootsie.official","","60","88% (hitungan jam)","3,8RB","4.9 (767 penilaian)","8 bulan lalu","null","KOTA BANDUNG","TOOTSIE - Caen T-Shirt -  AdultRp169.900236 TerjualKOTA BANDUNG","https://shopee.co.id/TOOTSIE-Caen-T-Shirt-Adult-i.737806720.17560654763?sp_atk=9e42957e-b5b0-4c68-b0f4-78da01415965&xptdk=9e42957e-b5b0-4c68-b0f4-78da01415965","null","null","null","null","null"
"1668869882-102","https://shopee.co.id/mall/brands/11042849","Tootal Underwear","https://shopee.co.id/tootal.official","","24","27% (hitungan jam)","293","4.9 (255 penilaian)","24 bulan lalu","null","KOTA TANGERANG SELATAN","Tootal Celana Dalam Pria Mini Brief 3 Warna / pack - TTOB03M3CRp89.90030 TerjualKOTA TANGERANG SELATAN","https://shopee.co.id/Tootal-Celana-Dalam-Pria-Mini-Brief-3-Warna-pack-TTOB03M3C-i.338429743.5567484831?sp_atk=3577a3bd-d6ee-402f-88d7-7acda8863927&xptdk=3577a3bd-d6ee-402f-88d7-7acda8863927","null","null","null","null","null"
"1668869908-103","https://shopee.co.id/mall/brands/11042849","Tootal","https://shopee.co.id/tootal","","83","74% (hitungan jam)","529","4.9 (196 penilaian)","5 tahun lalu","null","KOTA JAKARTA TIMUR","50%offTootal Kemeja Pria Lengan Panjang Stripe 272 BlueDiskon 50%Rp688.000Rp344.00012 TerjualKOTA JAKARTA TIMUR","https://shopee.co.id/Tootal-Kemeja-Pria-Lengan-Panjang-Stripe-272-Blue-i.39412025.7941584422?sp_atk=524cd699-b326-406a-b5a0-b23d88468374&xptdk=524cd699-b326-406a-b5a0-b23d88468374","null","null","null","null","null"
"1668869946-104","https://shopee.co.id/mall/brands/11042849","TOMS PROJECT","https://shopee.co.id/tomsproject.id","","160","93% (hitungan jam)","38,7RB","4.8 (11,9RB penilaian)","5 tahun lalu","null","KOTA BANDUNG","63%offToms Project Tshirt Saint Muerte - Kaos PriaDiskon Rp5RBPilih 3, bayar Rp195.000Rp185.000Rp69.0002,8RB TerjualKOTA BANDUNG","https://shopee.co.id/Toms-Project-Tshirt-Saint-Muerte-Kaos-Pria-i.55255133.3297105846?sp_atk=46351711-abc9-4954-a8ba-1cff338198d5&xptdk=46351711-abc9-4954-a8ba-1cff338198d5","null","null","null","null","null"
"1668869973-105","https://shopee.co.id/mall/brands/11042849","Tommy Hilfinger","https://shopee.co.id/tommyhilfigerofficial","","159","100% (hitungan menit)","14%","17,9RB","4.8 (197 penilaian)","null","KAB. BOGOR","30%offTommy Hilfiger - REGULAR FIT TOMMY TIPPED POLO 2 - BLACKDiskon Rp15RBRp1.390.000Rp973.0007 TerjualKAB. BOGOR","https://shopee.co.id/Tommy-Hilfiger-REGULAR-FIT-TOMMY-TIPPED-POLO-2-BLACK-i.338434182.20349514959?sp_atk=bb90c35d-93da-479f-a314-def82207e31c&xptdk=bb90c35d-93da-479f-a314-def82207e31c","null","null","null","null","null"
"1668869998-106","https://shopee.co.id/mall/brands/11042849","Tokocrypto","https://shopee.co.id/tokocrypto_official","","21","50%","20%","43","5.0 (4 penilaian)","null","KOTA JAKARTA SELATAN","Tokocrypto - Astronauts Skate Black - Size MRp180.0002 TerjualKOTA JAKARTA SELATAN","https://shopee.co.id/Tokocrypto-Astronauts-Skate-Black-Size-M-i.637852336.19844837626?sp_atk=930615ac-256e-4c5e-8670-cee79a04394e&xptdk=930615ac-256e-4c5e-8670-cee79a04394e","null","null","null","null","null"
"1668870027-107","https://shopee.co.id/mall/brands/11042849","TNGR","https://shopee.co.id/tngrdeadly","","650","77% (hitungan jam)","28,3RB","4.8 (9,6RB penilaian)","5 tahun lalu","null","KAB. SLEMAN","55%offTNGR Deadly T-Shirt ZHOCX Blue TeesDiskon Rp7,77RBRp165.000Rp75.000212 TerjualKAB. SLEMAN","https://shopee.co.id/TNGR-Deadly-T-Shirt-ZHOCX-Blue-Tees-i.38323773.8642501922?sp_atk=aa454688-2223-4340-8745-a99c789bd909&xptdk=aa454688-2223-4340-8745-a99c789bd909","null","null","null","null","null"
"1668870056-108","https://shopee.co.id/mall/brands/11042849","Tizzly","https://shopee.co.id/tizzly.co","","13","88% (hitungan jam)","3,9RB","4.8 (2RB penilaian)","29 bulan lalu","null","KOTA CIMAHI","35%offTizzly Avernus Varian2Rp187.850 - Rp203.550385 TerjualKOTA CIMAHI","https://shopee.co.id/Tizzly-Avernus-Varian2-i.279384362.3260542535?sp_atk=eacdd62b-7e97-46de-b908-401354089cee&xptdk=eacdd62b-7e97-46de-b908-401354089cee","null","null","null","null","null"
"1668870084-109","https://shopee.co.id/mall/brands/11042849","Tirajeans","https://shopee.co.id/tirajeansofficial","","439","62% (hitungan jam)","31,5RB","4.8 (8,5RB penilaian)","5 tahun lalu","null","KOTA BEKASI","25%offTirajeans T-Shirts L/S TTL205K40004S21 BlackDiskon Rp20RBPilih 2, diskon 30%Rp179.900Rp134.925218 TerjualKOTA BEKASI","https://shopee.co.id/Tirajeans-T-Shirts-L-S-TTL205K40004S21-Black-i.55934463.8148573584?sp_atk=618a32f6-e3a6-4303-b2cb-931f8a46c297&xptdk=618a32f6-e3a6-4303-b2cb-931f8a46c297","null","null","null","null","null"
"1668870120-110","https://shopee.co.id/mall/brands/11042849","TIMONOSD","https://shopee.co.id/timonosd.co","","313","61% (hitungan jam)","60,5RB","4.7 (18,5RB penilaian)","5 tahun lalu","null","KOTA TANGERANG SELATAN","Timonosd Crewneck Tmnsd “Had “Rp210.000544 TerjualKOTA TANGERANG SELATAN","https://shopee.co.id/Timonosd-Crewneck-Tmnsd-%E2%80%9CHad-%E2%80%9C-i.51123839.3841831780?sp_atk=e74f624b-2997-4368-9a58-93745e4c5e84&xptdk=e74f624b-2997-4368-9a58-93745e4c5e84","null","null","null","null","null"
